generator,g1_acceleration,g2_acceleration,earth_moon_ratio,expected_ratio
Grok,334.41522245547617,248.78560289334126,1.3441904136182905,6.055555555555555
